loss,cer
1.0765763214182134,2.53125
