loss,cer
0.7037213221895415,1.899497487437186
