loss,cer
0.8870279378824301,2.3768115942028984
