loss,cer
1.2906988331789961,3.3442622950819674
