loss,cer
0.5726222182765152,1.8709677419354838
