loss,cer
1.5334470276711745,3.642857142857143
