loss,cer
0.491454530888094,1.4430379746835442
