loss,cer
0.5529228250240187,1.5054347826086956
0.5110884663017832,2.236013986013986
0.3568623108014371,1.4193548387096775
