loss,cer
0.3982969082815418,1.3433734939759037
