loss,cer
0.42165234044522,2.985294117647059
