loss,cer
0.5726221125879329,1.8709677419354838
