loss,cer
0.42729363597111464,1.4615384615384615
0.42627342518430084,1.4615384615384615
