loss,cer
0.46951467186864454,1.7254191209787042
0.4683552428329273,1.7254191209787042
